,artist_id,name,popularity,num_followers
0,3gk0OYeLFWYupGFRHqLSR7,Showtek,61,473125
1,6UOk7DmvqlzWmo6gjhZvn6,Da Tweekaz,62,284309
2,5QySqc6yAFDx9m7fedFZmC,Brennan Heart,61,303707
3,4f0OXMMSxr0r8Ztx6CdpAl,Sub Zero Project,59,177945
4,6C0KWmCdqrLU2LzzWBPbOy,Headhunterz,58,496522
5,6L7a6wPGpvLtTwOsMLnF1z,D-Block & S-te-Fan,57,192693
6,1Wt63OMKtv6v2ivHuQLm2C,Coone,57,188262
7,7IFPeV5Ew63S7Hid0AjNgK,Sound Rush,56,72039
8,1CqOLQmjzVWXQTiIN5Wucs,TNT,53,43838
9,37jL2LnGjAkadOCszr8v7C,Technoboy,53,83730
10,2iRqqPkOyIvvb7qFZN1Onz,The Prophet,54,115391
11,3mZnhzeAyjpFhO3cIepzBr,Tuneboy,53,35629
12,0wr85NuJuAYZsRzP1lJgiV,Wildstylez,54,188931
13,2FmgW6Jee0JQKtb6EnBWCq,DJ Isaac,52,76513
14,1BpCQRsYuiRg1TXKR2SQe1,Refuzion,52,35909
15,1rpLzYzfrueWdkpcIunZQl,Hard Driver,52,59394
16,7AGSJihqYPhYy5QzMcwcQT,Phuture Noize,52,66487
17,0MBGxwmCdXdO26ojaNcT64,Atmozfears,51,91798
18,26JDxOz4FrVBX1AquFCzdp,TCM,51,8073
19,4LBa6kTLaQHiONCfTfTaXV,Toneshifterz,49,51171
20,27Z5l2Kfy1IaYZMg5INWqO,Zatox,49,159473
21,4FApejrnKXgmvrVmBMRO2l,Sub Sonik,48,25723
22,18pYFSeMi7sOL6nGMICHtS,Psyko Punkz,49,98506
23,77faXTf6wXs3L2CVol0c8C,E-Force,48,48121
24,52I8HbScEEvgwiiSDaM7gP,Audiotricz,47,39081
25,0I5is4tdxHhT3Ft2EzPjlB,Code Black,48,62516
26,7momuad2Twkv5O7MY3dODa,Frontliner,48,100036
27,05ndiewdJogtosuRWN8iwF,Adaro,48,58335
28,59VlEky6rgwrcluurlvspE,MANDY,46,33417
29,1Ok5WQlGEnuFOiUlpCKcVT,Wasted Penguinz,46,95465
30,6Xhhpra0X0hpvC3yZaQ0Du,B-Front,47,62430
31,6qJ61DomA73g7jQEKESw9Z,Noisecontrollers,47,151222
32,0WbAxASsYdodSlqwserDAW,Gunz For Hire,47,105462
33,4OPaH4YIqua9DUnI7t0fOQ,Mark With a K,49,71102
34,7FTQICqfx93tZdwZJb3wt2,Firelite,46,9294
35,1Od0hPnXSqA9pipLqNXJ7e,KELTEK,47,46071
36,6GebWeCCtey5pbQepRYD6c,Adrenalize,45,39155
37,2SA8IOL5sWtygCPVlPCgmP,Euphorizer,38,3605
38,2B3mYtzGes0f92Yfn4mVQD,Kronos,45,14527
39,7MXzeG7zoG8pKpqKCOqcZL,Sephyx,43,23983
40,4ksdbwHbqSmv7sWP3W6L21,Devin Wild,45,35816
41,5cPNMq5lKAoAKyv5kdpz9s,Frequencerz,45,76922
42,1Uk4IDpF1OIuTzANugS5JC,Bass Modulators,44,74110
43,18UStRMkfnMhX5Qxzhylej,MYST,41,22026
44,6bPXSfsHFvyltUwfqUrrLy,D-Charged,43,7116
45,6J6UF3GqOLdt6f4gfazSzf,Ghost Stories,44,24578
46,2voeq1SXqaRk45wpKHJhgz,Chain Reaction,40,8971
47,5lHeHJPYUJdDBXIApseBwO,Zany,44,28332
48,0BtiMLqwAvO3yHcPh5BWCS,Primeshock,43,13132
49,6KlY7jizsLWQcXR1F2Sn9j,Aftershock,42,16460
50,7tEAlsvmuaVnKQyswnonem,Ecstatic,42,8736
51,6kNykeJK1CTSW1zJYcAUvQ,Neolux,39,6031
52,5akubyqg9eYtnCtDEeJz2s,Dr Rude,43,16437
53,0hHKtZEXHNsXfgrNgU7Zkl,Audiofreq,39,30499
54,75jOSvJYkVT21xz5yll1xM,Thyron,41,19329
55,5AVdeI8lS5HS9VGV8AUyS4,Jay Reeve,40,8007
56,3GAHYVHU0HppTq2qgzejcv,Digital Punk,39,39199
57,1QsT3VKbdtjMxXoy9myb2X,The Pitcher,41,33267
58,5SxjKJ2HIg3dVQ427HYVHS,Bass Chaserz,41,13889
59,4FSHCrSzZlOrwOMmEInVwf,Stormerz,39,8396
60,33SlSV9Phemrs59SmjA2QC,Anklebreaker,39,2811
61,450u38hSRh0Q2UyghEbjpS,Galactixx,39,8830
62,7eS0sxPiRLeafMwpgLJml1,Imperatorz,39,11821
63,2UBCeOEjEhqNkm6IFzVV4D,Hypnose,36,3392
64,0MwTAzU4fDGGfrUAHzYwRJ,Demi Kanon,38,15691
65,0g6dKn3203m8rAtAyjIdZl,Deetox,36,27612
66,4jxFb0CASzyps1aMpZOxyi,Envine,35,8329
67,7wbCwmaAe2U6NoBrWBfeTz,Sickddellz,34,4052
68,3LMhH2ziOYh9UQWWCBm5KS,Dailucia,38,3242
69,5BwHAtNpcEoDlIQqaBCBvc,Aztech,33,1233
70,6BPReCUBYOimAPOqJqQXLW,Digital Mindz,36,5043
71,3NrtaV1ncaTPdFXnbzSqQC,B2A,38,3493
72,5gfLje7A2I9mMRVfuiphnh,Level One,38,5054
73,7ikySCCJo3shAEZsoKEtVK,Rebourne,34,14742
74,4Kr8tEhZ6ecAQnqxd7WkTb,Crypsis,36,34863
75,598i9uHpVAukdj6QRUEaq6,Ncrypta,37,22787
76,4by5ENA6ZMNCQkOX3RIh0G,JNXD,36,15503
77,7fMJN4fdEwmFWd8uz5pnKx,Project One,35,64972
78,18PNlguj4UWXG46wBu567s,Max Enforcer,35,32744
79,4IQIMZPSBfizEPPGdCmsXV,Nightcraft,36,4371
80,3r40SMXcvhhDUE1xhU8MSB,Deluzion,37,6856
81,7LsIj2cflfPqS8px4dduGG,Degos & Re-Done,36,11270
82,1GNl1iTql0c4P9brn1Fj6m,Avi8,32,10436
83,3OhUveXjN6gDbNt7ygN8z6,Serzo,36,4029
84,0Fp1lykJGk1eInmWFbSwoK,Regain,36,25556
85,4rBAiM4X8nQq5r8XkW4CM1,Jeckyll & Hyde,37,7564
86,303olBIixVXirStn7yhOZX,Cyber,33,12613
87,79QnAdpXGrzcsIOFtW3gR4,D-Attack,34,7741
88,7GVB7uYTgkeYtLJxYMYYDp,Clockartz,32,12988
89,2aYw1VignY89UokpxjuibF,Synthsoldier,30,7185
90,39B5R5tWbwQyHX4AitOU9U,Artifact,34,6720
91,5TfuDjIGoKIDy1c7l0DBsB,Geck-O,32,8214
92,6gksFZdSyTfEL92NPQbnXq,D-Mind,31,8873
93,2Bg6vhG3aY7ixxqEGZeos6,Phrantic,33,5577
94,1aQ5RklusunvA9N3kqbbJA,Sogma,33,953
95,4j1Br3T2yrQIWd7LUip8t4,JDX,32,9799
96,76WqyxPmL1KmO2up8jbYOC,Neroz,33,11450
97,52NpY0nQvHw021b9j9Ke3y,Physika,33,11029
98,60kSCaBM5uMKg7ZnrBH5br,RVAGE,32,12597
99,4MciZ3SoIaHGhBecweONHp,ANDY SVGE,31,10053
100,6Czf2AVSww2aOhW4M6QNHT,Solstice,30,4158
101,15TjoFblYf6b1tYhfc6b9x,Omegatypez,30,8101
102,42B9mEQV8cJNFLMtU8RTvR,Donkey Rollers,28,21558
103,16KgfaVMW0Br4MhQ4dGx2R,MVTATE,30,3167
104,5KENAwkg6GClWnY28tokF8,Strixter,28,1099
105,5ezp2WTBB8rewVCdTKGO1F,Unsenses,29,8867
106,6WMONlXvkrTWxC4TcI8qcD,Broken Element,31,5431
107,2HDeehZ2osQxtP45Q1asqo,Uncaged,30,4569
108,6dzkjHwlCSs5uy93DoiZ1s,Invector,30,5013
109,5hnFqGY2kc233cXstqrGev,Deepack,28,19317
110,5WVDwdJ6jhLHQ2PuRQz7Yc,Concept Art,30,4206
111,5BD89DInX2q6j9laqzi79K,X-Pander,28,7649
112,2wgZcTOArO4znVZzjKkiOH,Neilio,26,7089
113,1Paa3sdgAGlRd3HSiu2tEa,Subraver,26,1937
114,0H6s1CbpvyZpA3hmZmuDxh,Sylence,27,5786
115,29H7LOSOkrB31ZtoMo2yLJ,Minus Militia,29,27319
116,51Lnv28PvP6XnhhwriLvBM,B-Freqz,26,13819
117,5AtGLnu8GxRajsCHRxGdOh,A-RIZE,27,4177
118,4GWz1hkqnRxvBqWIu6BUM2,A-Lusion,25,16070
119,2ApjOdcW0b9j6gEIHXBhsW,Scope DJ,26,12911
120,1DV44qE0qBvaYO1q1cXT0f,The Vision,26,4447
121,3EfUmgy6o1IOQBL4vXKgwd,Bioweapon,24,10471
122,3HVrpP1tDmHMAlFmBOgzaO,DJ Stephanie,23,11954
123,4dt1zguktrZlBRP7zuEQDX,Horyzon,23,2696
124,4aN3I8HO6usYdQEYYTOx0D,Malua,27,7327
125,1Tdwaj8zRi9lqzsijL7dmA,Alpha²,27,18708
126,3SpBPLBqsJo9sW5KQUXm8q,Retrospect,25,3260
127,1fco4riXaELODB1jc1067g,Chris One,22,4497
128,2sN34Lk5QETeCVOWlJXtk5,Twisted Melodiez,23,7926
129,6XQaPTFTDqEKve9UJIKXBI,Noiseshock,25,3273
130,65kw4SfFANgttyuNSTMUdy,Valido,26,1778
131,6mRyTGlFH3JnDgukiZnQ3O,Scabtik,26,3274
132,07HBAmGAFKKM7s5vyS9hWa,Betavoice,24,3343
133,6BbGkI3sJbPytzt3y2PACe,The Machine,22,4757
134,5Etj9qD510TtgcE10bw1dd,Navion,24,1093
135,4N5dAfqsjUgmluwrFoeuOb,Pherato,23,4251
136,1cIkuQCV7CvADErrMCo7eJ,Ezenia,22,3162
137,630YbN3MWwgBS7ZS2KIwHv,Resensed,25,1182
138,1wAhUFs5xCbN0paxk1Gede,Low-E,20,885
139,0nvvhGGaXFDeqaYRd3BdHR,Radianze,24,2019
140,3RoxAJrso1XZowEEwtCbxq,Ressurectz,25,5216
141,6TIeewRIC6pGGn6i2n4HPW,Wav3motion,22,3236
142,2dazU1L3zOpHEjW9OB2myo,Rewildz,21,2132
143,4hM5zqr6QAzJSwOaVKgxxO,Davide Sonar,24,9757
144,2OuEx5nkUI4arwdwtRGE1C,Faizar,22,2357
145,6Eo58FM6qYycr3oP9BIeca,Emphasis,24,1118
146,7F7ieoMb2aePfqxPBoeWCU,Oryon,22,1208
147,7G7mVrnF4ag8MTX8o8sizx,Josh & Wesz,23,7709
148,0emNN1sdeedFWTl0dY9FHw,Bright Visions,24,2216
149,6BcNg67AxzaaVnin8tqG6d,Break of Dawn,22,2874
150,4tPHi95x1TVyWAucaom2VE,Udex,22,4291
151,4WBnZbV6k0m7JUs7TPjY2N,Xense,22,3148
152,3mXpRUSYRFdu2uJvEPpN9o,D.E.Q,20,848
153,60zIucDp1I0oFb6bdcFYA3,Dawnfire,24,735
154,41I5Omr0jFpL37DcDTPINX,Hyjacked,19,922
155,4Mwwbp7oYcrHssRQp0qS1d,Exilium,19,2885
156,3gp2KVOjzLgKMo0HIBsd6G,High Voltage,22,4165
157,67g06sxsa6gKUbGU61UB30,Maxter,18,350
158,4Mtu6SsfyJ5yxKeyzpeWSw,Amentis,22,2029
159,2aydmdVvtiNGAQjHmiGHlh,Tatanka,22,16706
160,5UZkbXFJMJqfb4ajqWSOdd,syrin,20,1244
161,3hpMKvVTfeW0Of0XstCrEB,Jack Of Sound,23,9958
162,7jyPELo8anRil0femQikVJ,Dillytek,20,4971
163,4NIMOpuBr3SGIZUjiwpttm,Requiem,23,7792
164,4nUaW0pYOGJuy6shGYNWfA,Energyzed,21,5071
165,0fxz1p44vvxBpDA4yK99Nl,Shockwave,19,2955
166,41lWiT1FGPMHKu8DEoOMGm,Refract,21,2433
167,1mRzzUiBiRmklHKtzlXvRz,JGSW,20,2573
168,52HrdVaG2eVCSWx762WoKi,In-Phase,20,3734
169,52SEFvQng6XqKFfoE4YcbI,Empira,20,1503
170,0C9RZ1VFLujGBiLlvXZOb8,Nick Novity,21,1294
171,4GdUL7R2CO0QjeOIGwdLXB,War Force,21,12624
172,6e68sik2CrpAAsu6e2IKTS,Aria,17,1564
173,7lZh2XFOqO7ePMGacEIp13,Divinez,21,1268
174,4Np6WrC7A7sYlcGzxaJenc,Nexone,19,2938
175,2KUdPowv9jaSB82rvKX80y,Ephoric,21,1558
176,05Aza1WOvuk0AzPulvIdZC,BENGR,20,2384
177,3I4HmzEtz890VMUGB28J6l,Enyqma,18,577
178,2oqQBJb0AXOKJHOzOlEuWO,High Resistance,18,1893
179,3CH3tLilo96ThqwiolnXZL,Denza,18,2879
180,3LhZKtboRSFVpWtnZPSXgk,Mortalis,14,1198
181,4jhgdxWuxgXZPcmMVOhuEt,Rude Convict,20,1475
182,5cUbcteO26MMKiNi2uIi7j,Alphaverb,17,5556
183,1PYQj2h0huAOD01p2Bhn1O,Jesse Jax,19,1905
184,5kbECq8MWps7ULvOZv7rNX,Ruff Limits,19,460
185,5JflK2QwBoRFoWUTdYmeON,Sasha F,19,2627
186,2NyXMMvV782sHnPZogo3bH,Crystal Mad,15,3172
187,688kfDW4561PQyZkJCoGmi,Delius,18,1563
188,2bYdurZmHmh372lv6r0QoR,Navras,15,1195
189,3YDvxikqYEAoMxpMUDtUgF,Zerox,9,494
190,5FTRhjQHsTYMZQvQbQiHkW,Inverze,18,440
191,6k5CoCWSyDULUdbbjohKIi,Art Frequency,17,2410
192,2GejkBzxgLKOm94Av79qbz,Effused,17,1890
193,6e6xlod9MXJ3qU14WIFYSS,The Un4given,19,773
194,7amcLwOetQsuOjTo5abv6I,Proto Bytez,16,3343
195,5liX0vRbvORENzGrNlmJ4J,Damian Ray,16,1451
196,08jahn2OvsxyyzSfquOkkx,System of Loudness,16,2356
197,69SYuxQAcaKHdgZYFMkJaR,Waverider,15,3240
198,48gy2nmcZHvx95MlB6kc03,Airtunes,15,1312
199,5QG0fGAvCl1iKbBonxZNSB,Forever Lost,15,2320
200,4xXBKVKJSXvLb2RJ89H0F6,Recoder,14,424
201,7mmcNaMqLkqwnL0IRO5EVj,The R3belz,14,5043
202,2ejSCr6DnMcnglrWjPgo4H,Ephesto,13,1262
203,7Gs7ELP6TZK3IxiQunEtYf,Luxtreme,13,524
204,3aScXHcdAgtvoAnpVKNnk8,Elysiums,13,1072
205,4o67zz1xHg30uVfVyZdDWF,The R3bels,13,3448
206,0uNFMi65eieExqLRZEzXZS,Dozer,13,657
207,2eOROJW9rDnbKeYpYyCYCs,Helix,16,1011
208,00vGvknZByStU9AesBnEfI,MickeyG,11,1725
209,0v2IfstPtayguzHzbNJbAS,Blasco,11,1387
210,55zcBeWnwzYLt3weIpldVa,Public Enemies,15,5424
211,1bhxo2EjKycAGTV9r0fbGT,Antergy,16,647
212,3TDUb3qiPduMbQXp8ztZv7,Re-Mind,16,3827
213,42fxTfRVl4nRiAcqbrfWbv,Phyric,16,1594
214,55zpDykW8PjK44Bdxb8jcS,D-Verze,10,1568
215,2aWpRZYYS6t4mFZ3XKaMgV,Keiji,9,659
216,0U0SloMw2nZvUpsRKgkHYz,PRDX,14,1011
217,1uCSQs3ga2ZrUOcVEXFcxj,Apexx,13,2489
218,1WlDlAJC2M5PmZJ5oBSv0J,Prefix & Density,13,3664
219,3Beta7H9bpZCv1qlX3Em5q,Aerolite,13,264
220,2BZjbY5rfQ85Esd6uCNXOv,Enemy Contact,11,3899
221,1jhtkxPeSRXrj2lM5egbdt,Heatwavez,11,2879
222,2APqPsoL9PeToCSlgmBcON,NSCLT,12,3507
223,2fjyYT4sJQKFZ5mP4OkXWL,Funkomaticz,11,380
224,6qnp8zshLQpMlx6X7ibfUW,Releazer,12,570
225,0bKtsZIFkV1M2sl1j0OeGq,N3bula,11,1014
226,0ScNOdpuhbmlFNFeu6vPkc,Asterz,10,815
227,3zMzp2r0t2tmgQ2TlrFtur,Necroformers,10,238
228,5ADZt1NEbf0ImRvacK9kDl,Final Day,10,1298
229,0HwP4jjp6Wb1PuljkT8wJh,LYNX,10,383
230,1Kvf0XgsHdAJjL8RG8ymAt,Arkaine,10,1784
231,5zOy8g7BSZJ8rWVLc08lrv,Stereotuners,11,3419
232,7kwswnyQhreu1ZhkvWnQ8Y,RWND,10,642
233,2mKtr9qJMrMAQCmFNRhme4,Deako,8,739
234,1yikgEKLZ89M0hmqEx7frW,Festuca,8,1997
235,3zM5YzwEGlfYd4yWnsz8Np,Raw Harmony,8,1447
236,6DK0rLn76wp8K2OzwC9DpH,Timekeeperz,9,1638
237,0UCWja2PmkFnCKuJu2Gs57,Chemical Soldiers,8,2770
238,1e52SLFwAQkpqx9KU51QWq,Asteroidz,8,484
239,3gNQSpKr5xvrDfqknSkaWc,Wiqtory,8,852
240,2lsG6nqy5reRHS1x3Afur5,The Anarchist,9,2486
241,2RJY6rxGXVSIEWIhXT0cUS,Rezonation,9,238
242,0fujXq1smK5pNrKT6hlPAs,Pulserz,9,1034
243,3386mzmXn1zbBUmJap05us,Wave Pressure,8,1902
244,2YjrANDR9gCMbNjwI5OWsG,Dark Pact,9,2147
245,7ynEfF5AwES4IysK0td81g,Juized,8,1593
246,2ncxbADscvZpp5AYM5CSdX,Solutio,8,980
247,31OxuziSBKokN6qffWyrmh,Noisecult,7,1080
248,2IXAqXw1XiSL0g9sg3Wsw5,Fanatics,5,631
249,3eNA5vWxtftB86fsWO1NS6,Scale,5,782
250,5NXaeY6WIFTbub1XYd9ADn,Focuz,5,361
251,6cXDIh8bpOi9yC9CiHmVeX,Memorize,7,583
252,0ZdrG7bZdKJlLNX43qTPc9,Genesiz,7,229
253,7KzClvb8DqTrh1UwRgU9ZZ,Pulsatorz,5,1476
254,33mCfPYE5IUalbKsBylpKQ,Black And White,5,711
255,5SAbIMyEvd2Tsl8tlJqXTp,Hayway,6,415
256,6J7fXUq7fY7iAFE2kAdzPr,Shockerz,6,1960
257,2AXbtYVmNaN2RMv4Z0T24f,TWSTD,5,462
258,5HI6c3nhv1jFltz1X6rLpH,Wildfyre,6,503
259,7EDEnkox4NgXHJ0aqcfBJo,Break Zero,7,1792
260,02R91TLUMPXPHxiDgO3CLE,S DEE,3,56
261,3rKrbPNDan7x2VpfPJvl6A,Noisecult,0,185
262,4z2cA8avPca7myoxvFV5LS,Hyperzone,1,148
263,1NrgJK78lHjqv64PtmyMdL,Demolite,1,706
264,0bwU0N56SsusgmGoiC6Nk3,Mystical Mind,4,1221
265,26w8d6BExrFrBREdHusV5L,Azurity,3,342
266,37Yc7NS5Jn0ieWW5Qb1CZA,Skyron,4,768
267,1zlOSm59FnZAxqNQ1k0HaI,Markove,2,640
268,7o0G6mz9wleCl3kJZqnTsA,Illuminize,2,297
269,1qkkJykorIKzLBDE7THR7q,Modul8,4,498
272,2lpFs8QJyIeVDb2Sq4vZYi,Rooler,60,79577
274,7IeovKzVkfcG9mIJGNzTcT,Ran-D,57,223944
275,1x0ScxgiyFRQDKT4VwcLHa,LNY TNZ,53,58734
276,1wuQQfTDZhgNb4GJyhThUs,Warface,55,95801
277,5JcSyYpBdqCmjJyVlKh7Yg,Rebelion,55,70223
278,2CREMC4YATn7Bx9ZQku6IH,Vertile,54,31763
279,7E6DrjKJieOdJKO8mbwCMO,D-Sturb,54,74125
283,1MQLUcIxIPcvNxf29446Lj,Caine,35,4948
286,6kudMw2A0xOBJHpW8VNaDA,Nolz,50,15415
291,2ecqtRdHGMT1SSSaYXoYlC,Aversion,49,16455
294,5eHs2hHfUzGizdnrLjc3CW,Act of Rage,49,57324
298,4CyjDlfEi7Sb4NLgWP0x3w,The Purge,49,18712
300,3Ij56hbjOTHq8RgutQwfxC,Radical Redemption,47,107151
301,5J3RIw3YwgyXeosItjR9GY,Riot Shift,47,26144
305,0UDN8FPWVrZoMQ7mQB3bS8,Adjuzt,48,12542
306,1vDMUXdbIJHTSC8ZAf2Zqp,Bloodlust,47,20141
307,0endjvK01uydkCL84mD3Z5,Malice,45,31653
308,1dWCpNKvuNDv2rE4gCVNwj,Endymion,45,40783
311,2lmihUu4FzVOepdJpDDrof,Rejecta,46,33170
315,4AGDRCSqrobTOwmsvPuSrC,Fraw,46,14717
316,7wXBtpPB5GFddtz9OeBlPW,Anderex,45,14876
317,7Ecbym3UD6q848BAse6Qeb,Krowdexx,45,25005
319,6glAHKAPvBPUQ4HQcYXxpr,Unresolved,45,19468
325,2CTPZndAY5BwdgHk8AX0B7,Dither,42,21782
326,5NkT0VLTEXldi82KVVnG1b,Cryex,43,15594
327,7MBMIGBbRcIAn4zZPOMNKR,So Juice,42,8375
328,2m5uCiZcpQ50tXsJrThFoM,Killshot,42,24419
333,5ba4f3qddeYRq7BQcAtFBS,Delete,42,35739
336,75CWM6dvHUuLGsQj8fJyXr,Scarra,40,7030
337,35l9BKzdhvLy5HOC50NECa,Vasto,40,7034
338,56uBktjCLyONyLAgE7VBq1,Luminite,39,15251
339,5Gmt205UikGABaRkBaTX5L,DEEZL,38,8874
347,2sTHvEmfr75UDmlFFsdRot,Qriminal,38,7005
350,7HBmNE4KKCSR3DbUQkWXZm,Blackout,38,12318
361,3wnWv1CbRJ0JuDgOcsBPfd,Dj Thera,35,17697
362,5tN6fQFvbiTYubJ9okxkft,Malice,22,862
364,7hb1BiulwZ6lAflLQeQVJU,Element,34,5672
368,2qx5TM5UVg3th3ZQ9Vkj2X,Imperial,34,6906
373,22jcDppDfbm4cqqUDzM8tU,Exproz,33,4473
378,1Xd3bw5OuInJDsNUAJBC5a,Griever,32,2782
379,2x7wHChcawAYikCTKfhjId,RAYZEN,30,3179
380,2LpNxLq1O4FAMBagy5t582,Luna,31,3781
382,5vFNYfxQeOHxUUlXDltAS7,Zyon,30,2306
385,6IHHgeANSAVdQM1l9zIlSn,Avoc,29,2061
387,6ilunSmiKHt6sXusLweMWI,REVIVE,29,2334
393,07DiCMwAeNcTMjqLh3TvNY,Jacko,16,526
395,5icd9CGTLeERkT6s20imCs,Matzic,28,2602
398,1xMkzNWui7gg9TrYMto6VN,Dvastate,27,1645
402,2JqPH5sGxBA5lDMUmO5uAE,Voidax,26,7763
405,5fFksTMKtJhMXaf9OXUOfD,Resolute,27,1112
410,2wQsli7ZjiaSoy1cnQ6Zn6,Caine,22,11444
412,41jZYjNEye7JGDj0xZELcL,Sins Of Insanity,26,5259
421,4uNw48Ory7s2FsgxCgUOUr,Cold Confusion,23,1676
422,18uzxvwBb6oI9X25SsvkAe,Arzadous,21,3426
423,16cCEbmSAybTJMb5epEDoL,Project Core,24,2219
427,32Eil9DTJeGj6fnhyXn9L6,Gearbox Digital,21,11607
429,0R24GpElISFAat9cNHEPLw,Spitfire,23,1677
430,0FfiqpPNuyhma9Sc4nF3U5,Titan,22,5786
431,4Xrfj658V9oL5xwi7oM70C,Spectre,23,2056
435,7yyB7AhmuybIT7le7mux1n,Koalaz,23,1791
438,1M8e4hQQkrbmMTlvII2QcV,Genox,21,3962
443,7zNgBJI5ddd3GanVxVq6bW,Jason Payne,20,3702
444,1xtNfCEjq2vwXIb8VFTkF1,Code Crime,20,2788
447,41OzfB8aTfAJWEOt2n5hNh,Criminal Mayhem,17,2310
452,5tlPrdBVJtoK1uWzzFs4M1,Outbreak,18,3134
453,2ZDQRYaCNTMLiOgHG9wA93,Hardstyle Mafia,18,10093
455,5i4yVKvP6l6jRrb8H26bU5,Vazard,17,4086
456,0IL3bZHkq3fznuTt5B9RCy,Oxya,17,1203
457,3RhIM8YBkzhkpc5aEi0KVo,Tartaros,19,1656
460,33WbKYUz0YIPwtO0HKTJX7,Retaliation,11,2848
466,36oC4F2D7WRSDl6adHzMjf,Crossfight,15,1764
469,2afZPGbbZnucXCMn4VREnU,Mrotek,10,1267
470,3y3xOPVLhREclmb80kAAe6,Beatfreak,9,1356
471,30mY5xzXUDueuiAHLiQmvD,Infirium,9,1207
472,6UcOedAF263JuFMuUOCrLu,Hypix,8,2039
473,0xLKk7wpsCkrFQgCpbQh7d,Mind Dimension,14,3230
476,5kcaf3PUmLmyc8KxyetgDx,Unkind,14,940
477,1j7cToMm5jPNhP25oAhPm5,Apexx,3,3
479,3EX77r8FNIDXOQ1xGtXKZJ,Hatom,11,1613
480,7n2c8qN6A77eiDsS8UqQSe,Typhoon,12,974
483,0tMSK9NhHH1TecqrCw1hgC,DSTORTD,11,906
484,1z7vzeNDDQo8lMCBDNeuS5,2Faced,11,479
485,0WeLyYuhSo9MZQmQMgvkmj,Vyral,12,1704
486,6PhP8RA24Ran29v1vcU8mc,The Geminizers,10,1172
488,4wm2p43N7iw80NkW0T5QmF,Hardfunction,9,1382
489,0wIaWJ8QrjiiCOJt3PLnfd,Deadalus,8,732
490,22mriI4bXFYstGXv7qlq2K,Notorious Two,8,1997
493,2pN6eQ3LBF6BLCC1wxUSpp,Invictuz,9,920
498,4dLlGRUNH3feWTl4uCDBrP,I Giocatori,8,713
499,4lRFpbgBzYplGG66sLcFSe,Dirty Bastards,6,1215
501,13p9FurqWtM9V17vP4kC9V,Insidiouz,5,965
502,1uTwnN0d3TcZfrkOHcSGun,Subsonik,5,458
503,1F5Pi8LZTeXzs1UVeZkRHn,Main Concern,7,1873
504,5F2cEq9Qczc6rvyotjKYp2,The Strangerz,5,649
505,3oGATsO5I5YBTEaExSQpMh,Deviouz,6,929
507,6M9ft167NX8iQZk5Csir6X,Riiho,6,1720
508,5TDewGrrYBny9tgpPQZfbZ,Restless,6,560
509,1cEifi4l3lau3jKvir0U1d,Adventum,5,1046
510,1FLYe2WMqj6GHgdlxFTCTq,Hard Attakk,5,2107
511,3AWLrqSsLA5MgO6SiKHoSz,Ravage,0,5
512,0XMcfJK4frGAIcPrBj12n8,Raxtor,4,985
513,1HjZ3aj7TIYXUuEFeNPg7F,3 The Hard Way,4,727
514,2RC7ah9fFaS6AsgS19rWxA,Primefire,1,666
515,4Jkx6Gwed14vp2bChgCPSX,Iqlusion,0,7
516,4TJYwkXki9bDecO21re6oR,Shockrage,4,365
517,2AE8qEyzwrVEWh7JLMjbqW,Scream Intention,2,369
518,3wkOuejUKtoJUYlWsB1XKL,Frenetikz,0,70
519,60O6zbjGBVWyhjP5To0Qf6,Hardcraft,4,401
523,2BsduyFedcnXx9JiVMMIa3,Saphera,1,165
524,50mKF0kRsJn1vIDl3w2yfZ,D-Verze,0,2
541,30sKm4Zacgq8mC0l7vNmuD,Kruelty,32,4959
544,5f9KP2lluFnPK2IbvM3mx3,Rogue Zero,27,2848
546,1S8hjzWUCcPJ5mEsu8CU4Z,Rawframez,21,1502
547,2mhF7iBQqUwzVcX53jXPnE,Murdock,23,3587
554,5Vd4zCLAMADtv9dzdXqXSh,Upriser,14,634
558,3JkCb5x64oiOqmQxuJFTYI,Kloon,11,599
560,4nT8vD7jqZygSITnDZbFuV,MDB,9,318
562,5JbZgGgU7T4bfzrturoVU0,Magnificent,6,399
563,5odf3EZnbChDj5HIfXg9Hv,Necrosis,5,1471
566,3lw6qvV5PMzj1vxm66bPeY,Broken Shadowz,0,49
567,6NG4simEknpC6Ug6eKACyb,Psychopathics,2,538
568,3zo2YguBWpWa0KFq3dpq9f,Vazard,3,48
569,3DDwIrsfQb02tzsA6XJE21,Rebelion x Malice,1,23
570,2vL9cwTHAO80hLJMBjSW3h,The Avengerz,3,476
571,6NEZLD0aOMVkvB2At2kQ7p,Nrk,0,174
572,2g5xLLG76wBsh4hpf561Bs,Warface,1,315
573,4rYKXB4y5YXN5ubt8vqZDQ,Insanatix,1,119
574,68fwqD6M4mNIccPcWp1FKo,Radiance,3,362
575,10ADnzBJy3yBAjxtYATAox,Stratos,2,222
576,6uGp0FWe0jCSoKoQ5Vu8pQ,Insurge,4,666
577,2ZuRitE97PbYb3RD3hbE37,Koltrax,0,80
578,53STPXwuwQrpWViWaQ3KXI,Nu-clear,1,84
579,5nmW8Rr5Opw6VjhTItyDjJ,Cryptonite,4,350
580,1Py8jHB9WFjZU2dux9GWca,Sledgehammers,3,638
581,06b47ulZuoI6RbnAHX8Bwb,Moridin,3,1006
